,precision,recall,f1-score,support
Parasitized,0.9665576154125772,0.9648040638606676,0.965680043580897,2756.0
Uninfected,0.964867801521188,0.9666182873730044,0.965742251223491,2756.0
accuracy,0.965711175616836,0.965711175616836,0.965711175616836,0.965711175616836
macro avg,0.9657127084668826,0.965711175616836,0.965711147402194,5512.0
weighted avg,0.9657127084668826,0.965711175616836,0.965711147402194,5512.0
