,precision,recall,f1-score,support
Parasitized,0.9667389732465654,0.9702467343976778,0.9684896776530244,2756.0
Uninfected,0.9701383831026948,0.9666182873730044,0.9683751363140676,2756.0
accuracy,0.9684325108853411,0.9684325108853411,0.9684325108853411,0.9684325108853411
macro avg,0.9684386781746301,0.9684325108853411,0.9684324069835459,5512.0
weighted avg,0.9684386781746301,0.9684325108853411,0.9684324069835459,5512.0
